248,10,2
HTTP,SSL,
source_ip,source_port,dest_ip,dest_port,IP4_proto,f_dur,delta_bytes,avg_ia,min_ia,max_ia,avg_len,min_len,max_len,pkt_vel,byte_vel,application,app_num
65.55.17.37,80,192.168.3.131,55954,TCP,55451.000000,13686,5545.100000,1.000000,34193.000000,1368,60,1514,180.339399,246812.501127,HTTP,0
72.14.213.18,443,192.168.3.131,49673,TCP,35697557.000000,1118,3569755.700000,800.000000,17889617.000000,111,60,134,0.280131,31.318670,SSL,1
147.31.122.1,443,172.16.255.1,10622,TCP,2109914.000000,2218,210991.400000,1644.000000,804885.000000,221,60,1514,4.739530,1051.227680,SSL,1
172.16.255.1,10622,147.31.122.1,443,TCP,2107596.000000,979,210759.600000,225.000000,847745.000000,97,54,345,4.744742,464.510276,SSL,1
172.16.255.1,10636,212.8.166.36,443,TCP,1820709.000000,1655,182070.900000,117.000000,275685.000000,165,54,647,5.492366,908.986554,SSL,1
172.16.255.1,10637,204.9.163.184,443,TCP,60896453.000000,1149,6089645.300000,174.000000,59653507.000000,114,54,629,0.164213,18.868094,SSL,1
172.16.255.1,10638,130.117.72.100,443,TCP,1253681.000000,885,125368.100000,166.000000,182657.000000,88,54,377,7.976511,705.921203,SSL,1
172.16.255.1,10639,204.9.163.181,443,TCP,921683.000000,2986,92168.300000,613.000000,445773.000000,298,54,1083,10.849717,3239.725589,SSL,1
172.16.255.1,10640,204.9.163.181,443,TCP,500592.000000,2037,50059.200000,1094.000000,96892.000000,203,54,1083,19.976348,4069.182088,SSL,1
172.16.255.1,10641,204.9.163.181,443,TCP,3319530.000000,2037,331953.000000,393.000000,2929342.000000,203,54,1083,3.012475,613.641088,SSL,1
172.16.255.1,10642,204.9.163.181,443,TCP,3318024.000000,2037,331802.400000,295.000000,2923101.000000,203,54,1083,3.013842,613.919610,SSL,1
172.16.255.1,10646,184.85.226.161,443,TCP,220016.000000,4044,22001.600000,519.000000,51113.000000,404,54,1179,45.451240,18380.481420,SSL,1
172.16.255.1,10647,184.85.226.161,443,TCP,142504.000000,1783,14250.400000,305.000000,35303.000000,178,54,1067,70.173469,12511.929490,SSL,1
172.16.255.1,10648,66.235.143.184,443,TCP,1089032.000000,3547,108903.200000,469.000000,308201.000000,354,54,1428,9.182467,3257.020914,SSL,1
172.16.255.1,10649,184.85.226.161,443,TCP,243698.000000,4934,24369.800000,354.000000,40925.000000,493,54,1099,41.034395,20246.370508,SSL,1
172.16.255.1,10650,184.85.226.161,443,TCP,195019.000000,3921,19501.900000,369.000000,41512.000000,392,54,1115,51.277055,20105.733288,SSL,1
172.16.255.1,10651,184.85.226.161,443,TCP,218274.000000,3873,21827.400000,1731.000000,38335.000000,387,54,1099,45.813977,17743.753264,SSL,1
172.16.255.1,10652,184.85.226.161,443,TCP,159336.000000,3873,15933.600000,288.000000,39313.000000,387,54,1099,62.760456,24307.124567,SSL,1
172.16.255.1,10653,128.241.90.211,80,TCP,537261.000000,938,53726.100000,182.000000,107688.000000,93,54,440,18.612927,1745.892592,HTTP,0
172.16.255.1,10654,128.241.90.211,80,TCP,543028.000000,936,54302.800000,118.000000,109381.000000,93,54,438,18.415257,1723.668024,HTTP,0
172.16.255.1,10655,128.241.90.211,80,TCP,436994.000000,951,43699.400000,98.000000,110808.000000,95,54,441,22.883609,2176.231253,HTTP,0
172.16.255.1,10667,194.192.199.252,443,TCP,1971985.000000,1381,197198.500000,216.000000,586756.000000,138,54,455,5.071032,700.309587,SSL,1
172.16.255.1,10684,109.229.25.126,443,TCP,23210826.000000,699,2321082.600000,130.000000,20879894.000000,69,54,126,0.430833,30.115257,SSL,1
172.16.255.1,10687,109.90.123.126,443,TCP,16386168.000000,670,1638616.800000,224.000000,13876832.000000,67,54,126,0.610271,40.888144,SSL,1
172.16.255.1,10688,213.146.189.205,443,TCP,96703371.000000,1155,9670337.100000,227.000000,95684952.000000,115,54,458,0.103409,11.943741,SSL,1
172.16.255.1,10690,109.173.29.34,443,TCP,2558153.000000,698,255815.300000,189.000000,522208.000000,69,54,126,3.909070,272.853109,SSL,1
10.0.2.15,2526,65.54.186.19,443,TCP,375475.000000,5206,37547.500000,27.000000,130007.000000,520,54,1514,26.632932,13865.104201,SSL,1
10.0.2.15,2529,207.46.96.145,80,TCP,258349.000000,1451,25834.900000,21.000000,104220.000000,145,54,957,38.707330,5616.433584,HTTP,0
10.0.2.15,2536,65.55.15.244,80,TCP,511028.000000,4692,51102.800000,897.000000,116309.000000,469,54,883,19.568399,9181.492991,HTTP,0
10.0.2.15,2537,65.55.15.244,80,TCP,4634874.000000,5586,463487.400000,40030.000000,3805238.000000,558,54,947,2.157556,1205.210757,HTTP,0
10.0.2.15,2542,207.46.113.78,443,TCP,597204.000000,3153,59720.400000,47.000000,231476.000000,315,54,1514,16.744697,5279.602950,SSL,1
10.0.2.15,2544,207.46.113.78,443,TCP,456659.000000,3190,45665.900000,61.000000,122354.000000,319,54,1514,21.898178,6985.518735,SSL,1
10.0.2.15,2548,65.54.167.27,80,TCP,313120.000000,2449,31312.000000,130.000000,146704.000000,244,54,1385,31.936638,7821.282575,HTTP,0
10.0.2.15,2552,70.37.129.32,80,TCP,20359710.000000,1372,2035971.000000,343.000000,16193433.000000,137,54,878,0.491166,67.387993,HTTP,0
65.54.186.19,443,10.0.2.15,2526,TCP,320824.000000,4951,32082.400000,692.000000,72539.000000,495,60,1102,31.169738,15432.137247,SSL,1
65.54.167.27,80,10.0.2.15,2548,TCP,248331.000000,6722,24833.100000,22.000000,143419.000000,672,60,1514,40.268835,27068.710713,HTTP,0
70.37.129.32,80,10.0.2.15,2552,TCP,275577.000000,7888,27557.700000,289.000000,183571.000000,788,60,1102,36.287499,28623.578891,HTTP,0
209.17.73.30,80,192.168.3.131,58789,TCP,159933.000000,11137,15993.300000,2.000000,43740.000000,1113,60,1514,62.526183,69635.409828,HTTP,0
209.17.73.30,80,192.168.3.131,58790,TCP,166178.000000,11137,16617.800000,810.000000,44093.000000,1113,60,1514,60.176437,67018.498237,HTTP,0
66.220.149.32,80,192.168.3.131,56048,TCP,25792770.000000,6000,2579277.000000,1.000000,24944772.000000,600,60,1514,0.387706,232.623328,HTTP,0
212.8.166.36,443,172.16.255.1,10636,TCP,1363744.000000,1156,136374.400000,2.000000,275807.000000,115,60,499,7.332755,847.666424,SSL,1
70.37.129.34,80,10.0.2.15,2551,TCP,246653.000000,7629,24665.300000,82.000000,135960.000000,762,60,1102,40.542787,30930.092073,HTTP,0
70.37.129.34,80,10.0.2.15,2553,TCP,308554.000000,7335,30855.400000,64.000000,112262.000000,733,60,1514,32.409238,23772.176021,HTTP,0
70.37.129.34,80,10.0.2.15,2554,TCP,4096554.000000,6941,409655.400000,78.000000,3804739.000000,694,60,1514,2.441076,1694.350911,HTTP,0
65.54.95.39,80,192.168.3.131,56055,TCP,440429.000000,8507,44042.900000,1.000000,237592.000000,850,60,1514,22.705135,19315.258532,HTTP,0
65.54.95.39,80,192.168.3.131,56326,TCP,7838832.000000,6911,783883.200000,1.000000,3900451.000000,691,60,1514,1.275700,881.636448,HTTP,0
65.54.95.39,80,192.168.3.131,56056,TCP,12108426.000000,4780,1210842.600000,794.000000,6892852.000000,478,60,1514,0.825871,394.766421,HTTP,0
65.54.95.39,80,192.168.3.131,56059,TCP,1117123.000000,7232,111712.300000,2.000000,666943.000000,723,60,1514,8.951566,6473.772360,HTTP,0
65.54.95.39,80,192.168.3.131,56060,TCP,31673600.000000,6922,3167360.000000,1.000000,25298095.000000,692,60,1514,0.315720,218.541625,HTTP,0
96.17.8.49,80,10.0.2.15,2547,TCP,107953.000000,7364,10795.300000,63.000000,48450.000000,736,60,1514,92.632905,68214.871287,HTTP,0
72.14.213.101,80,192.168.3.131,55968,TCP,191062926.000000,1494,19106292.600000,768.000000,90984777.000000,149,60,356,0.052339,7.819413,HTTP,0
65.54.95.66,80,192.168.3.131,56057,TCP,12030009.000000,6520,1203000.900000,779.000000,8896933.000000,652,60,1514,0.831255,541.977982,HTTP,0
65.54.95.75,80,192.168.3.131,56064,TCP,147150.000000,10718,14715.000000,2.000000,105693.000000,1071,60,1514,67.957866,72837.240911,HTTP,0
65.54.95.68,80,192.168.3.131,56065,TCP,50150.000000,12238,5015.000000,1.000000,32743.000000,1223,60,1514,199.401795,244027.916251,HTTP,0
65.54.95.68,80,192.168.3.131,56068,TCP,2670594.000000,11060,267059.400000,752.000000,2207565.000000,1106,60,1514,3.744485,4141.400752,HTTP,0
65.54.95.68,80,192.168.3.131,56070,TCP,28455.000000,12238,2845.500000,1.000000,12244.000000,1223,60,1514,351.432086,430082.586540,HTTP,0
65.54.95.68,80,192.168.3.131,56331,TCP,43265.000000,12238,4326.500000,1.000000,26062.000000,1223,60,1514,231.133711,282861.435340,HTTP,0
65.54.95.68,80,192.168.3.131,56093,TCP,40800.000000,12238,4080.000000,1.000000,13660.000000,1223,60,1514,245.098039,299950.980392,HTTP,0
65.54.95.68,80,192.168.3.131,56110,TCP,39167.000000,12238,3916.700000,2.000000,20680.000000,1223,60,1514,255.316976,312456.915260,HTTP,0
65.54.95.68,80,192.168.3.131,56140,TCP,29335.000000,10790,2933.500000,1.000000,13267.000000,1079,60,1514,340.889722,367820.010227,HTTP,0
65.54.95.68,80,192.168.3.131,56368,TCP,32997.000000,10790,3299.700000,1.000000,17525.000000,1079,60,1514,303.057854,326999.424190,HTTP,0
65.54.95.68,80,192.168.3.131,56406,TCP,16032286.000000,6767,1603228.600000,1.000000,9907346.000000,676,60,1514,0.623741,422.085784,HTTP,0
65.54.95.68,80,192.168.3.131,56174,TCP,30048.000000,12238,3004.800000,2.000000,13474.000000,1223,60,1514,332.800852,407281.682641,HTTP,0
65.54.95.68,80,192.168.3.131,56428,TCP,36979.000000,12238,3697.900000,1.000000,12599.000000,1223,60,1514,270.423754,330944.590173,HTTP,0
65.54.95.68,80,192.168.3.131,56429,TCP,1591196.000000,10046,159119.600000,2.000000,1126842.000000,1004,60,1514,6.284581,6313.489979,HTTP,0
65.54.95.68,80,192.168.3.131,56433,TCP,28964.000000,12238,2896.400000,1.000000,12741.000000,1223,60,1514,345.256180,422524.513189,HTTP,0
65.54.95.68,80,192.168.3.131,56434,TCP,31992.000000,12238,3199.200000,1.000000,14522.000000,1223,60,1514,312.578145,382533.133283,HTTP,0
65.54.95.68,80,192.168.3.131,56233,TCP,28747.000000,10766,2874.700000,2.000000,13247.000000,1076,60,1514,347.862386,374508.644380,HTTP,0
65.54.95.68,80,192.168.3.131,56457,TCP,28956.000000,10778,2895.600000,1.000000,13223.000000,1077,60,1514,345.351568,372219.919878,HTTP,0
65.54.95.68,80,192.168.3.131,56476,TCP,32135.000000,12226,3213.500000,1.000000,15739.000000,1222,60,1514,311.187179,380457.445153,HTTP,0
65.54.95.68,80,192.168.3.131,56510,TCP,31636.000000,12238,3163.600000,1.000000,13690.000000,1223,60,1514,316.095587,386837.779745,HTTP,0
65.54.95.68,80,192.168.3.131,56511,TCP,31898.000000,12238,3189.800000,1.000000,15476.000000,1223,60,1514,313.499279,383660.417581,HTTP,0
65.54.95.75,80,192.168.3.131,56066,TCP,53482.000000,12238,5348.200000,3.000000,24247.000000,1223,60,1514,186.978797,228824.651285,HTTP,0
65.54.95.75,80,192.168.3.131,56067,TCP,545719.000000,10744,54571.900000,795.000000,191965.000000,1074,60,1514,18.324449,19687.788037,HTTP,0
65.54.95.75,80,192.168.3.131,56069,TCP,269640.000000,10650,26964.000000,1.000000,143173.000000,1065,60,1514,37.086486,39497.107254,HTTP,0
65.54.95.75,80,192.168.3.131,56073,TCP,2018062.000000,9576,201806.200000,774.000000,1387621.000000,957,60,1514,4.955249,4745.146581,HTTP,0
65.54.95.75,80,192.168.3.131,56139,TCP,28597.000000,10790,2859.700000,1.000000,12398.000000,1079,60,1514,349.687030,377312.305487,HTTP,0
65.54.95.75,80,192.168.3.131,56427,TCP,38032.000000,12238,3803.200000,1.000000,21283.000000,1223,60,1514,262.936475,321781.657552,HTTP,0
65.54.95.75,80,192.168.3.131,56435,TCP,62049.000000,10718,6204.900000,1.000000,33644.000000,1071,60,1514,161.162952,172734.451804,HTTP,0
65.54.95.75,80,192.168.3.131,56436,TCP,513061.000000,10005,51306.100000,800.000000,253258.000000,1000,60,1514,19.490860,19500.605191,HTTP,0
65.54.95.75,80,192.168.3.131,56438,TCP,341217.000000,10383,34121.700000,807.000000,133669.000000,1038,60,1514,29.306863,30429.316242,HTTP,0
65.54.95.75,80,192.168.3.131,56509,TCP,185461.000000,10784,18546.100000,1.000000,100247.000000,1078,60,1514,53.919692,58146.995864,HTTP,0
194.165.188.79,443,172.16.255.1,10627,TCP,11353579.000000,937,1135357.900000,13407.000000,10026660.000000,93,60,349,0.880780,82.529042,SSL,1
207.46.113.78,443,10.0.2.15,2542,TCP,542728.000000,5106,54272.800000,1733.000000,265139.000000,510,60,1379,18.425436,9408.027594,SSL,1
207.46.113.78,443,10.0.2.15,2544,TCP,280022.000000,5100,28002.200000,0.000000,75214.000000,510,60,1379,35.711480,18212.854704,SSL,1
204.14.234.85,443,192.168.3.131,57243,TCP,659959.000000,5251,65995.900000,467.000000,235575.000000,525,60,1514,15.152456,7956.554877,SSL,1
204.14.234.85,443,192.168.3.131,57244,TCP,16392507.000000,3825,1639250.700000,1.000000,15791418.000000,382,60,1514,0.610035,233.338317,SSL,1
204.14.234.85,443,192.168.3.131,57245,TCP,121306.000000,9446,12130.600000,1.000000,38672.000000,944,60,1514,82.436153,77869.190312,SSL,1
204.14.234.85,443,192.168.3.131,57246,TCP,9406322.000000,2720,940632.200000,0.000000,8856511.000000,272,60,1191,1.063115,289.167222,SSL,1
204.14.234.85,443,192.168.3.131,57247,TCP,17412482.000000,6260,1741248.200000,261.000000,16851540.000000,626,60,1514,0.574301,359.512217,SSL,1
204.14.234.85,443,192.168.3.131,57248,TCP,10856284.000000,3980,1085628.400000,585.000000,10280695.000000,398,60,1514,0.921125,366.607948,SSL,1
204.14.234.85,443,192.168.3.131,57249,TCP,173132.000000,8022,17313.200000,0.000000,58501.000000,802,60,1514,57.759397,46334.588638,SSL,1
130.117.72.100,443,172.16.255.1,10638,TCP,898684.000000,7893,89868.400000,295.000000,180267.000000,789,60,1514,11.127382,8782.842467,SSL,1
72.14.213.102,443,192.168.3.131,52202,TCP,55555.000000,4573,5555.500000,1.000000,23387.000000,457,60,1484,180.001800,82314.823148,SSL,1
207.46.0.109,80,192.168.3.131,56051,TCP,240905.000000,7633,24090.500000,0.000000,146146.000000,763,60,1502,41.510139,31684.688985,HTTP,0
207.46.0.109,80,192.168.3.131,56320,TCP,260470.000000,7611,26047.000000,1.000000,159654.000000,761,60,1514,38.392137,29220.255692,HTTP,0
66.235.139.121,80,192.168.3.131,56126,TCP,11229009.000000,3195,1122900.900000,768.000000,10433339.000000,319,60,936,0.890551,284.530897,HTTP,0
208.82.236.129,80,192.168.3.131,58464,TCP,272574.000000,9294,27257.400000,1.000000,149886.000000,929,60,1514,36.687285,34097.162605,HTTP,0
208.82.236.129,80,192.168.3.131,58544,TCP,20653668.000000,9447,2065366.800000,1.000000,20465520.000000,944,60,1514,0.484175,457.400593,HTTP,0
192.168.3.131,56064,65.54.95.75,80,TCP,170222.000000,1230,17022.200000,173.000000,106439.000000,123,54,732,58.746813,7225.857997,HTTP,0
208.82.236.130,80,192.168.3.131,58351,TCP,166894.000000,9730,16689.400000,0.000000,57241.000000,973,60,1514,59.918271,58300.478148,HTTP,0
208.82.236.130,80,192.168.3.131,58417,TCP,10949004.000000,10898,1094900.400000,0.000000,10887734.000000,1089,60,1514,0.913325,995.341677,HTTP,0
208.82.236.130,80,192.168.3.131,58668,TCP,162191.000000,9807,16219.100000,0.000000,58466.000000,980,60,1514,61.655702,60465.747175,HTTP,0
208.82.236.130,80,192.168.3.131,58486,TCP,234755.000000,9504,23475.500000,1.000000,132346.000000,950,60,1514,42.597602,40484.760708,HTTP,0
208.82.236.130,80,192.168.3.131,58490,TCP,160391.000000,10027,16039.100000,1.000000,57712.000000,1002,60,1514,62.347638,62515.976582,HTTP,0
208.82.236.130,80,192.168.3.131,58543,TCP,229388.000000,10887,22938.800000,3.000000,127128.000000,1088,60,1514,43.594260,47461.070326,HTTP,0
208.82.236.130,80,192.168.3.131,58353,TCP,178870.000000,10280,17887.000000,1.000000,74780.000000,1028,60,1514,55.906524,57471.906972,HTTP,0
208.82.236.130,80,192.168.3.131,58361,TCP,6825780.000000,9386,682578.000000,1.000000,6721043.000000,938,60,1514,1.465034,1375.080943,HTTP,0
208.82.236.130,80,192.168.3.131,58609,TCP,27493631.000000,12574,2749363.100000,2.000000,27391351.000000,1257,66,1514,0.363721,457.342284,HTTP,0
192.168.3.131,56065,65.54.95.68,80,TCP,65001.000000,1221,6500.100000,205.000000,46058.000000,122,54,723,153.843787,18784.326395,HTTP,0
192.168.3.131,56320,207.46.0.109,80,TCP,13118475.000000,5627,1311847.500000,278.000000,12475390.000000,562,54,1472,0.762284,428.937053,HTTP,0
192.168.3.131,56066,65.54.95.75,80,TCP,103878.000000,1189,10387.800000,763.000000,41822.000000,118,54,691,96.266774,11446.119486,HTTP,0
192.168.3.131,56067,65.54.95.75,80,TCP,557978.000000,3117,55797.800000,207.000000,186457.000000,311,54,714,17.921854,5586.241751,HTTP,0
192.168.3.131,56068,65.54.95.68,80,TCP,2689757.000000,2483,268975.700000,226.000000,2188944.000000,248,54,714,3.717808,923.131718,HTTP,0
192.168.3.131,56069,65.54.95.75,80,TCP,2535187.000000,3118,253518.700000,183.000000,2248859.000000,311,54,714,3.944482,1229.889551,HTTP,0
192.168.3.131,56070,65.54.95.68,80,TCP,56267.000000,1228,5626.700000,307.000000,24955.000000,122,54,730,177.724066,21824.515258,HTTP,0
192.168.3.131,56073,65.54.95.75,80,TCP,2257348.000000,3094,225734.800000,363.000000,1502935.000000,309,54,690,4.429977,1370.634922,HTTP,0
192.168.3.131,56331,65.54.95.68,80,TCP,66120.000000,1221,6612.000000,235.000000,40524.000000,122,54,723,151.240169,18466.424682,HTTP,0
192.168.3.131,56093,65.54.95.68,80,TCP,58594.000000,1228,5859.400000,315.000000,24385.000000,122,54,730,170.665938,20957.777247,HTTP,0
192.168.3.131,56110,65.54.95.68,80,TCP,67491.000000,1229,6749.100000,290.000000,35678.000000,122,54,731,148.167904,18209.835385,HTTP,0
192.168.3.131,56368,65.54.95.68,80,TCP,49883.000000,1221,4988.300000,203.000000,29606.000000,122,54,723,200.469098,24477.276828,HTTP,0
192.168.3.131,56132,65.54.95.140,80,TCP,57441.000000,1458,5744.100000,215.000000,17069.000000,145,54,960,174.091677,25382.566459,HTTP,0
192.168.3.131,56133,65.54.95.216,80,TCP,57399.000000,1308,5739.900000,258.000000,18740.000000,130,54,810,174.219063,22787.853447,HTTP,0
192.168.3.131,56139,65.54.95.75,80,TCP,42999.000000,1230,4299.900000,220.000000,24536.000000,123,54,732,232.563548,28605.316403,HTTP,0
192.168.3.131,56140,65.54.95.68,80,TCP,48134.000000,1221,4813.400000,225.000000,25290.000000,122,54,723,207.753355,25366.684672,HTTP,0
192.168.3.131,56406,65.54.95.68,80,TCP,16028349.000000,3360,1602834.900000,397.000000,9890521.000000,336,54,1078,0.623895,209.628577,HTTP,0
192.168.3.131,56411,65.55.206.199,80,TCP,1283027.000000,2366,128302.700000,551.000000,903412.000000,236,54,1028,7.794068,1844.076547,HTTP,0
192.168.3.131,56414,65.54.95.140,80,TCP,217745.000000,2990,21774.500000,336.000000,121811.000000,299,54,867,45.925280,13731.658591,HTTP,0
192.168.3.131,56415,65.54.95.140,80,TCP,56575.000000,1364,5657.500000,153.000000,16074.000000,136,54,866,176.756518,24109.589041,HTTP,0
192.168.3.131,56416,65.54.95.140,80,TCP,71061.000000,1365,7106.100000,1238.000000,15504.000000,136,54,867,140.724167,19208.848736,HTTP,0
192.168.3.131,56417,65.54.95.140,80,TCP,79469.000000,1366,7946.900000,756.000000,18357.000000,136,54,868,125.835231,17189.092602,HTTP,0
192.168.3.131,56418,65.54.95.140,80,TCP,232318.000000,2988,23231.800000,284.000000,96158.000000,298,54,867,43.044448,12861.680972,HTTP,0
192.168.3.131,56165,65.54.95.140,80,TCP,53129.000000,1502,5312.900000,913.000000,15126.000000,150,54,1004,188.221122,28270.812551,HTTP,0
192.168.3.131,56419,65.54.95.140,80,TCP,351217.000000,3806,35121.700000,200.000000,128074.000000,380,54,868,28.472426,10836.605290,HTTP,0
192.168.3.131,56166,65.54.95.216,80,TCP,3959953.000000,1082,395995.300000,218.000000,3907121.000000,108,54,584,2.525282,273.235566,HTTP,0
192.168.3.131,56168,206.108.207.155,80,TCP,473797.000000,2061,47379.700000,429.000000,298245.000000,206,54,806,21.106086,4349.964225,HTTP,0
192.168.3.131,56423,65.54.95.149,80,TCP,61036.000000,961,6103.600000,163.000000,14982.000000,96,54,463,163.837735,15744.806344,HTTP,0
192.168.3.131,56174,65.54.95.68,80,TCP,44671.000000,1221,4467.100000,25.000000,26688.000000,122,54,723,223.858879,27333.169170,HTTP,0
192.168.3.131,56427,65.54.95.75,80,TCP,55215.000000,1466,5521.500000,285.000000,34482.000000,146,54,968,181.110206,26550.756135,HTTP,0
192.168.3.131,56428,65.54.95.68,80,TCP,57980.000000,1506,5798.000000,319.000000,16925.000000,150,54,1008,172.473267,25974.473957,HTTP,0
192.168.3.131,56429,65.54.95.68,80,TCP,1604125.000000,3179,160412.500000,235.000000,1111718.000000,317,54,946,6.233928,1981.765760,HTTP,0
192.168.3.131,56433,65.54.95.68,80,TCP,60423.000000,1506,6042.300000,210.000000,25692.000000,150,54,1008,165.499892,24924.283799,HTTP,0
192.168.3.131,56434,65.54.95.68,80,TCP,58321.000000,1453,5832.100000,280.000000,28491.000000,145,54,955,171.464824,24913.838926,HTTP,0
192.168.3.131,56435,65.54.95.75,80,TCP,79308.000000,1421,7930.800000,273.000000,46094.000000,142,54,923,126.090684,17917.486256,HTTP,0
192.168.3.131,56436,65.54.95.75,80,TCP,525108.000000,4020,52510.800000,217.000000,230963.000000,402,54,921,19.043701,7655.567997,HTTP,0
192.168.3.131,56438,65.54.95.75,80,TCP,354273.000000,4020,35427.300000,278.000000,113523.000000,402,54,921,28.226819,11347.181411,HTTP,0
192.168.3.131,56457,65.54.95.68,80,TCP,52550.000000,1506,5255.000000,389.000000,25277.000000,150,54,1008,190.294957,28658.420552,HTTP,0
192.168.3.131,55954,65.55.17.37,80,TCP,1705052.000000,1737,170505.200000,242.000000,1613550.000000,173,54,653,5.864924,1018.737258,HTTP,0
192.168.3.131,55957,65.55.5.232,80,TCP,27688878.000000,3315,2768887.800000,339.000000,25113158.000000,331,54,804,0.361156,119.723161,HTTP,0
192.168.3.131,55958,65.55.239.163,80,TCP,64034137.000000,4018,6403413.700000,350.000000,26059282.000000,401,54,1176,0.156167,62.747781,HTTP,0
192.168.3.131,55959,65.55.5.231,80,TCP,52724451.000000,3699,5272445.100000,383.000000,26332013.000000,369,54,1079,0.189665,70.157203,HTTP,0
192.168.3.131,55960,206.108.207.139,80,TCP,52665688.000000,2550,5266568.800000,341.000000,25974974.000000,255,54,846,0.189877,48.418621,HTTP,0
192.168.3.131,55962,65.55.5.232,80,TCP,63897724.000000,4016,6389772.400000,189.000000,26490198.000000,401,54,1123,0.156500,62.850439,HTTP,0
192.168.3.131,55963,65.54.95.140,80,TCP,2812296.000000,1745,281229.600000,179.000000,1302411.000000,174,54,452,3.555813,620.489451,HTTP,0
192.168.3.131,56476,65.54.95.68,80,TCP,58113.000000,1507,5811.300000,418.000000,28528.000000,150,54,1009,172.078537,25932.235472,HTTP,0
192.168.3.131,57243,204.14.234.85,443,TCP,447659.000000,7596,44765.900000,3.000000,264015.000000,759,54,1514,22.338432,16968.272725,SSL,1
192.168.3.131,57244,204.14.234.85,443,TCP,16296388.000000,7936,1629638.800000,2.000000,15890162.000000,793,54,1514,0.613633,486.979078,SSL,1
192.168.3.131,57245,204.14.234.85,443,TCP,164988.000000,4205,16498.800000,6.000000,42640.000000,420,54,1514,60.610469,25486.702063,SSL,1
192.168.3.131,57246,204.14.234.85,443,TCP,9312145.000000,7567,931214.500000,3.000000,8953188.000000,756,54,1514,1.073866,812.594735,SSL,1
192.168.3.131,57247,204.14.234.85,443,TCP,17323196.000000,7659,1732319.600000,5.000000,16946906.000000,765,54,1514,0.577261,442.123959,SSL,1
192.168.3.131,57248,204.14.234.85,443,TCP,10758695.000000,7643,1075869.500000,3.000000,10378971.000000,764,54,1514,0.929481,710.402144,SSL,1
192.168.3.131,55973,65.54.95.142,80,TCP,54597.000000,940,5459.700000,133.000000,15275.000000,94,54,442,183.160247,17217.063209,HTTP,0
192.168.3.131,56233,65.54.95.68,80,TCP,54883.000000,1229,5488.300000,355.000000,25150.000000,122,54,731,182.205783,22393.090757,HTTP,0
192.168.3.131,58789,209.17.73.30,80,TCP,289929.000000,985,28992.900000,371.000000,69826.000000,98,54,487,34.491203,3397.383497,HTTP,0
192.168.3.131,58790,209.17.73.30,80,TCP,298182.000000,985,29818.200000,1607.000000,74445.000000,98,54,487,33.536565,3303.351644,HTTP,0
192.168.3.131,56497,65.54.95.140,80,TCP,178882.000000,1409,17888.200000,130.000000,96889.000000,140,54,911,55.902774,7876.700842,HTTP,0
192.168.3.131,58547,204.9.163.166,80,TCP,119060072.000000,851,11906007.200000,223.000000,112410068.000000,85,54,353,0.083991,7.147652,HTTP,0
192.168.3.131,56500,65.54.95.140,80,TCP,315995.000000,1410,31599.500000,171.000000,165708.000000,141,54,912,31.646070,4462.095919,HTTP,0
192.168.3.131,56502,65.54.95.140,80,TCP,3914983.000000,3125,391498.300000,123.000000,3287662.000000,312,54,913,2.554290,798.215471,HTTP,0
192.168.3.131,56509,65.54.95.75,80,TCP,200364.000000,1466,20036.400000,204.000000,182180.000000,146,54,968,49.909165,7316.683636,HTTP,0
192.168.3.131,56510,65.54.95.68,80,TCP,54178.000000,1506,5417.800000,183.000000,15367.000000,150,54,1008,184.576765,27797.260881,HTTP,0
192.168.3.131,56511,65.54.95.68,80,TCP,48584.000000,1453,4858.400000,228.000000,29314.000000,145,54,955,205.829080,29906.965256,HTTP,0
192.168.3.131,56012,65.54.95.140,80,TCP,51426.000000,949,5142.600000,228.000000,14989.000000,94,54,451,194.454167,18453.700463,HTTP,0
192.168.3.131,56022,65.55.206.199,80,TCP,2250091.000000,1973,225009.100000,837.000000,1788387.000000,197,54,792,4.444265,876.853425,HTTP,0
192.168.3.131,56027,65.54.95.140,80,TCP,1705009.000000,3585,170500.900000,302.000000,526383.000000,358,54,691,5.865072,2102.628197,HTTP,0
192.168.3.131,56034,65.55.206.199,80,TCP,37809721.000000,2775,3780972.100000,255.000000,25851211.000000,277,54,985,0.264482,73.393824,HTTP,0
192.168.3.131,56036,65.54.95.140,80,TCP,526978.000000,2353,52697.800000,161.000000,256647.000000,235,54,656,18.976124,4465.082034,HTTP,0
192.168.3.131,56037,65.54.95.140,80,TCP,64692.000000,1154,6469.200000,115.000000,18046.000000,115,54,656,154.578619,17838.372596,HTTP,0
192.168.3.131,56038,65.54.95.140,80,TCP,528252.000000,2354,52825.200000,138.000000,259927.000000,235,54,655,18.930359,4456.206508,HTTP,0
192.168.3.131,56039,65.54.95.140,80,TCP,523458.000000,2353,52345.800000,188.000000,258407.000000,235,54,655,19.103729,4495.107535,HTTP,0
192.168.3.131,56040,65.54.95.140,80,TCP,757405.000000,2957,75740.500000,270.000000,257224.000000,295,54,656,13.202976,3904.119989,HTTP,0
192.168.3.131,56041,65.54.95.140,80,TCP,241496.000000,1755,24149.600000,138.000000,173013.000000,175,54,656,41.408553,7267.201113,HTTP,0
192.168.3.131,56044,65.54.95.216,80,TCP,253000.000000,1082,25300.000000,235.000000,189204.000000,108,54,584,39.525692,4276.679842,HTTP,0
192.168.3.131,56051,207.46.0.109,80,TCP,25554523.000000,4987,2555452.300000,204.000000,24990723.000000,498,54,1405,0.391320,195.151363,HTTP,0
192.168.3.131,56055,65.54.95.39,80,TCP,452981.000000,2826,45298.100000,226.000000,218541.000000,282,54,713,22.075981,6238.672262,HTTP,0
192.168.3.131,56056,65.54.95.39,80,TCP,1741317.000000,2747,174131.700000,135.000000,899679.000000,274,54,715,5.742780,1577.541596,HTTP,0
192.168.3.131,56058,206.108.207.138,80,TCP,56239.000000,1290,5623.900000,186.000000,11527.000000,129,54,792,177.812550,22937.818951,HTTP,0
206.108.207.138,80,192.168.3.131,56058,TCP,24015.000000,12238,2401.500000,1.000000,9457.000000,1223,60,1514,416.406413,509598.167812,HTTP,0
192.168.3.131,56059,65.54.95.39,80,TCP,1114279.000000,2697,111427.900000,187.000000,451483.000000,269,54,671,8.974413,2420.399200,HTTP,0
192.168.3.131,56061,195.27.155.11,80,TCP,104422612.000000,4387,10442261.200000,149.000000,66175576.000000,438,54,1023,0.095765,42.011973,HTTP,0
72.14.213.132,443,192.168.3.131,52399,TCP,5282801.000000,4443,528280.100000,805.000000,3380180.000000,444,60,1484,1.892935,841.031112,SSL,1
192.168.3.131,56319,65.54.95.140,80,TCP,3578619.000000,1510,357861.900000,397.000000,3327868.000000,151,54,1012,2.794374,421.950479,HTTP,0
72.14.213.132,443,192.168.3.131,52402,TCP,47314.000000,7293,4731.400000,1.000000,21758.000000,729,60,1484,211.353933,154140.423553,SSL,1
72.14.213.138,80,192.168.3.131,58770,TCP,74338.000000,10368,7433.800000,3.000000,24618.000000,1036,60,1484,134.520703,139471.064597,HTTP,0
72.14.213.147,443,192.168.3.131,52152,TCP,189120.000000,4418,18912.000000,1.000000,140890.000000,441,60,1484,52.876481,23360.829103,SSL,1
206.108.207.139,80,192.168.3.131,55960,TCP,165420503.000000,4218,16542050.300000,777.000000,67354149.000000,421,60,576,0.060452,25.498653,HTTP,0
65.54.95.140,80,192.168.3.131,55963,TCP,2799778.000000,12162,279977.800000,1.000000,1517408.000000,1216,66,1514,3.571712,4343.915839,HTTP,0
65.54.95.140,80,192.168.3.131,56132,TCP,36823.000000,13692,3682.300000,1.000000,16508.000000,1369,66,1514,271.569400,371832.821878,HTTP,0
65.54.95.140,80,192.168.3.131,56165,TCP,33757.000000,13692,3375.700000,1.000000,15288.000000,1369,66,1514,296.234855,405604.763456,HTTP,0
65.54.95.140,80,192.168.3.131,56414,TCP,35780.000000,13224,3578.000000,1.000000,14982.000000,1322,66,1514,279.485746,369591.950811,HTTP,0
65.54.95.140,80,192.168.3.131,56415,TCP,35437.000000,13692,3543.700000,0.000000,15431.000000,1369,66,1514,282.190930,386375.821881,HTTP,0
65.54.95.140,80,192.168.3.131,56416,TCP,48236.000000,13692,4823.600000,1.000000,19891.000000,1369,66,1514,207.314039,283854.382619,HTTP,0
65.54.95.140,80,192.168.3.131,56418,TCP,118625.000000,12895,11862.500000,1.000000,62220.000000,1289,66,1514,84.299262,108703.898841,HTTP,0
65.54.95.140,80,192.168.3.131,56419,TCP,189324.000000,10524,18932.400000,2.000000,73992.000000,1052,66,1514,52.819505,55587.247259,HTTP,0
72.14.213.147,80,192.168.3.131,57839,TCP,292289.000000,10394,29228.900000,2.000000,180397.000000,1039,60,1484,34.212714,35560.695066,HTTP,0
65.54.95.142,80,192.168.3.131,55973,TCP,34126.000000,13692,3412.600000,1.000000,14486.000000,1369,66,1514,293.031706,401219.011897,HTTP,0
65.54.95.140,80,192.168.3.131,56012,TCP,32966.000000,13692,3296.600000,1.000000,14039.000000,1369,66,1514,303.342838,415337.013893,HTTP,0
65.54.95.140,80,192.168.3.131,56497,TCP,163473.000000,12256,16347.300000,1.000000,96248.000000,1225,66,1514,61.172181,74972.625449,HTTP,0
65.54.95.140,80,192.168.3.131,56500,TCP,232857.000000,10802,23285.700000,1.000000,113359.000000,1080,60,1514,42.944812,46388.985515,HTTP,0
65.54.95.140,80,192.168.3.131,56501,TCP,3902574.000000,9469,390257.400000,750.000000,3594620.000000,946,60,1514,2.562411,2426.347329,HTTP,0
65.54.95.140,80,192.168.3.131,56502,TCP,413917.000000,10846,41391.700000,1.000000,133450.000000,1084,60,1514,24.159433,26203.320956,HTTP,0
65.54.95.140,80,192.168.3.131,56503,TCP,410911.000000,9934,41091.100000,1.000000,134875.000000,993,60,1514,24.336170,24175.551397,HTTP,0
65.54.95.140,80,192.168.3.131,56036,TCP,511104.000000,11798,51110.400000,1.000000,275100.000000,1179,66,1514,19.565490,23083.364638,HTTP,0
65.54.95.140,80,192.168.3.131,56037,TCP,41502.000000,13692,4150.200000,1.000000,17642.000000,1369,66,1514,240.952243,329911.811479,HTTP,0
65.54.95.140,80,192.168.3.131,56038,TCP,511046.000000,11174,51104.600000,0.000000,279776.000000,1117,66,1514,19.567710,21864.959319,HTTP,0
65.54.95.140,80,192.168.3.131,56039,TCP,505526.000000,12152,50552.600000,1.000000,272975.000000,1215,66,1514,19.781376,24038.328395,HTTP,0
65.54.95.140,80,192.168.3.131,56040,TCP,507132.000000,12054,50713.200000,1.000000,273539.000000,1205,66,1514,19.718732,23768.959561,HTTP,0
65.54.95.140,80,192.168.3.131,56041,TCP,214663.000000,12259,21466.300000,784.000000,170079.000000,1225,66,1514,46.584647,57108.118306,HTTP,0
65.54.95.140,80,192.168.3.131,56319,TCP,36973.000000,13692,3697.300000,1.000000,16262.000000,1369,66,1514,270.467639,370324.290699,HTTP,0
207.46.96.145,80,10.0.2.15,2529,TCP,150446.000000,7888,15044.600000,328.000000,61092.000000,788,60,1102,66.469032,52430.772503,HTTP,0
206.108.207.155,80,192.168.3.131,56168,TCP,442683.000000,11639,44268.300000,805.000000,298194.000000,1163,60,1514,22.589528,26291.951577,HTTP,0
65.54.95.149,80,192.168.3.131,56423,TCP,36281.000000,13692,3628.100000,1.000000,13986.000000,1369,66,1514,275.626361,377387.613351,HTTP,0
72.14.213.148,80,192.168.3.131,56424,TCP,32630.000000,11998,3263.000000,1.000000,27663.000000,1199,60,1484,306.466442,367698.437021,HTTP,0
184.85.226.161,443,172.16.255.1,10646,TCP,170555.000000,9043,17055.500000,5.000000,52116.000000,904,60,1514,58.632113,53021.019612,SSL,1
184.85.226.161,443,172.16.255.1,10647,TCP,107501.000000,9469,10750.100000,287.000000,38559.000000,946,60,1514,93.022390,88082.901554,SSL,1
184.85.226.161,443,172.16.255.1,10649,TCP,210350.000000,7288,21035.000000,3.000000,59081.000000,728,60,1514,47.539815,34647.016877,SSL,1
184.85.226.161,443,172.16.255.1,10650,TCP,120855.000000,8223,12085.500000,3.000000,44884.000000,822,60,1514,82.743784,68040.213479,SSL,1
184.85.226.161,443,172.16.255.1,10651,TCP,184163.000000,7507,18416.300000,273.000000,63283.000000,750,60,1514,54.299724,40762.802517,SSL,1
184.85.226.161,443,172.16.255.1,10652,TCP,122592.000000,7039,12259.200000,3.000000,42062.000000,703,60,1514,81.571391,57418.102323,SSL,1
65.55.206.199,80,192.168.3.131,56022,TCP,201027.000000,13686,20102.700000,2.000000,117455.000000,1368,60,1514,49.744562,68080.407109,HTTP,0
204.9.163.184,443,172.16.255.1,10637,TCP,60822128.000000,1191,6082212.800000,3.000000,59653451.000000,119,60,610,0.164414,19.581689,SSL,1
204.9.163.181,443,172.16.255.1,10639,TCP,768198.000000,6227,76819.800000,274.000000,329317.000000,622,60,1514,13.017477,8105.983093,SSL,1
204.9.163.181,443,172.16.255.1,10641,TCP,316928.000000,10403,31692.800000,256.000000,85068.000000,1040,60,1514,31.552908,32824.490105,SSL,1
204.9.163.181,443,172.16.255.1,10640,TCP,344690.000000,10403,34469.000000,291.000000,92418.000000,1040,60,1514,29.011576,30180.742116,SSL,1
204.9.163.181,443,172.16.255.1,10642,TCP,322010.000000,10403,32201.000000,253.000000,88932.000000,1040,60,1514,31.054936,32306.450110,SSL,1
65.55.206.199,80,192.168.3.131,56411,TCP,202138.000000,13686,20213.800000,1.000000,92903.000000,1368,60,1514,49.471153,67706.220503,HTTP,0
65.55.206.199,80,192.168.3.131,56034,TCP,26312997.000000,12334,2631299.700000,2.000000,26143135.000000,1233,60,1514,0.380040,468.741740,HTTP,0
213.146.189.205,443,172.16.255.1,10688,TCP,96701883.000000,981,9670188.300000,3.000000,95847446.000000,98,60,357,0.103411,10.144580,SSL,1
65.55.5.232,80,192.168.3.131,55957,TCP,131193390.000000,12412,13119339.000000,19947.000000,67089681.000000,1241,60,1496,0.076223,94.608425,HTTP,0
65.55.5.231,80,192.168.3.131,55959,TCP,131532947.000000,10430,13153294.700000,19849.000000,66192822.000000,1043,60,1407,0.076027,79.295722,HTTP,0
65.54.95.216,80,192.168.3.131,56044,TCP,48957.000000,12238,4895.700000,2.000000,17972.000000,1223,60,1514,204.260882,249974.467390,HTTP,0
65.54.95.216,80,192.168.3.131,56133,TCP,37228.000000,12238,3722.800000,748.000000,12009.000000,1223,60,1514,268.615021,328731.062641,HTTP,0
128.241.90.211,80,172.16.255.1,10653,TCP,323966.000000,12238,32396.600000,268.000000,107252.000000,1223,60,1514,30.867437,37775.569041,HTTP,0
128.241.90.211,80,172.16.255.1,10654,TCP,218639.000000,12238,21863.900000,3.000000,108017.000000,1223,60,1514,45.737494,55973.545433,HTTP,0
128.241.90.211,80,172.16.255.1,10655,TCP,220263.000000,12238,22026.300000,4.000000,109213.000000,1223,60,1514,45.400271,55560.852254,HTTP,0
65.54.95.216,80,192.168.3.131,56166,TCP,34450.000000,12238,3445.000000,2.000000,13462.000000,1223,60,1514,290.275762,355239.477504,HTTP,0
65.55.5.232,80,192.168.3.131,55962,TCP,191738320.000000,12099,19173832.000000,1.000000,67447398.000000,1209,60,1514,0.052154,63.101627,HTTP,0
65.55.15.244,80,10.0.2.15,2537,TCP,433383.000000,4069,43338.300000,8431.000000,75542.000000,406,60,949,23.074278,9388.923885,HTTP,0
